Sl No,ASIN,Product,Listing Name,Description,Bullet Points
1,"B0CPJD7SVL
",LOL,"TailBlaze LOL! Easy Training Organic Dog Treats - Grain-Free, Rawhide-Free, Chicken Liver, 100g, Ideal for Adult Dogs & Puppies, All Breeds, High Protein, No Wheat, Corn, Soy","Make training sessions a breeze with TailBlaze LOL! Easy Training Organic Dog Treats. These premium treats are specially crafted to provide a delicious and nutritious reward that supports your dog's overall health and well-being. Perfect for adult dogs and puppies of all breeds, these treats are a must-have for every pet parent looking to train their furry friend effectively.","High Protein for Strong Muscles: Packed with protein, vitamin D, and amino acids

Boosts Immune System: Rich in iron and zinc for a healthy immune system

Ideal for Training: 100% organic chicken liver, human-grade ingredients, easy handling

Grain-Free & Allergen-Free: No wheat, corn, or soy, perfect for sensitive stomachs

Suitable for All Breeds & Ages: Ideal for adult dogs and puppies

Value for Money: Handy 100g pack for on-the-go training
"
2,B0D3FBNJZS,CoCool,"TailBlaze Cocool No Anxiety-Skin-Coat Issues Organic Dog Treats, Grain Free, Rawhide Free, Ideal Treats for Adult Dogs and Puppies, All Breeds, Chicken & Coconut 50g+ 20% Extra Free","Give your furry friend the ultimate treat with TailBlaze CoCool Organic Dog Treats! Specially crafted to cater to all breeds and ages, these treats are not only delicious but also packed with essential nutrients to keep your dog happy and healthy.","TailBlazing Coat & Energy: Nourishing proteins for a shiny coat.  

TailBlazing Immunity: Antioxidants and Omega-3 & 6 for a strong immune system.  

TailBlazing Temper: Calming ingredients reduce anxiety and stress.  

Grain-Free & Rawhide-Free: Safe for sensitive stomachs.

Organic Ingredients: Natural, organic chicken and coconut.
  
Ideal for All Breeds & Ages: Suitable for all dogs.  

Extra Value: 50g + 20% extra free.
"
3,B0CPJ4F68C, Mango Mutton,"TailBlaze Richy Rich Picky Eater Organic Dog Treats, Grain-Free, Rawhide-Free, Mutton & Kesar Mango, 45g + 20% Extra | High-Protein, Healthy Coat, Skin Health | For Puppies & Adult Dogs, All Breeds","Treat your furry friend to the luxurious taste of TailBlaze Richy Rich Picky Eater Organic Dog Treats. Specially crafted for the discerning palate, these grain-free and rawhide-free treats combine the savory goodness of mutton with the sweet delight of Kesar mango, making them irresistible for even the pickiest eaters.","Savoury & Sweet Fusion: Mutton and Kesar mango combo for picky eaters

Healthy & Shiny Coat: Mangoes rich in vitamins and beta-carotene

Reduces Skin Issue: Helps with dryness, itching

Grain-Free & Rawhide-Free: Ideal for dogs with dietary sensitivities

High-Quality Protein: Provides essential amino acids

Organic Ingredients: Made with organic mutton and mango

Supports Active Dogs: Provides stamina for active dogs

Customer Approved: Highly rated for taste & health benefits

Extra Value: 20% extra free
"
4,"B0BHZTF837
",Back to C,"TailBlaze Back to C Sensitive Dogs Organic Dog Treats, Grain Free, Rawhide Free, Ideal Treats for Adult Dogs and Puppies, All Breeds, Fish & Strawberries 45g+ 20% Extra Free","Give your furry friend the best with TailBlaze Back to C Sensitive Dogs Organic Dog Treats. Specially formulated for sensitive dogs, these treats combine the goodness of hypoallergenic fish and strawberries to support your dog's overall health and well-being.","Promotes youthfulness: By reducing inflammation and cognitive aging. 

Hypoallergenic formula: For sensitive dogs. Made with organic fish and strawberries.

Rich in Omega-3: For brain, vision, and joint health. 

Loaded Treats: With essential vitamins and minerals. Fish provides a novel protein source for strong muscles and weight management. 

Dental Hygiene: Strawberries support dental health. 

Ideal Treats: Suitable for all breeds. 

Highly rated: By pet parents for taste and health benefits.
"
5,,Chipots,"TailBlaze Chipots Dental Health Organic Dog Treats, Grain Free, Rawhide Free, Ideal Treats for Adult Dogs and Puppies, All Breeds, Chicken & Sweet Potato 100g","Give your furry friend the ultimate dental care with TailBlaze Chipots Dental Health Organic Dog Treats. These grain-free and rawhide-free treats are specially designed to promote dental health while satisfying your dog's natural chewing instincts. Made with high-quality chicken and sweet potato, these treats are perfect for all breeds, puppies, and adult dogs.","Promotes Dental Health: Cleans teeth, reduces plaque

Fulfills Chewing Drive: Satisfies natural chewing instincts

Crunchy & Crispy Texture: Irresistible texture dogs love

Natural Dietary Fibre: Sweet potato aids digestion

High Protein, Low Carbs: Quality chicken for muscle and weight management

Suitable for All Breeds: Great for puppies and adults

Organic Ingredients: Natural, high-quality

Customer Approved: Highly rated for taste and health benefits
"
6,"B0BHZV5L7S
",Grandma's Chicken,"TailBlaze Grandma's Signature Strong Muscles Organic Dog Treats, Grain Free, Rawhide Free, Ideal Treats for Adult Dogs and Puppies, All Breeds, Brown Chicken 60g +20% Extra Free","Give your furry friend the ultimate treat with TailBlaze Grandma's Signature Strong Muscles Organic Dog Treats. These premium treats are crafted with love and care, combining the wholesome goodness of brown chicken to create a delicious and nutritious snack that dogs of all breeds and ages will adore.","TailBlazing Energy: Chicken provides energy for endless playtime.  

TailBlazing Taste: Human-grade chicken ensures happy training sessions.  

TailBlazing Health: Builds lean muscle, supports skin, coat, and bone health.  

Grain-Free & Rawhide-Free: Easy digestion for sensitive stomachs.  

Organic Ingredients: 100% organic for the best nutrition.  

Ideal for All Breeds & Ages: Suitable for all dogs.  

Extra Value: 20% extra free.  

Convenient Pack: Handy 60g pack for on-the-go use.
"
7,"B0CPJJ8FN6
",Grandma Cheese,"TailBlaze Grandma's Signature Cheese Strong Muscle & Smart Brain Organic Dog Treats, Grain Free, Rawhide Free, Ideal Treats for Adult Dogs and Puppies, All Breeds, Brown Chicken & Amul Cheese 50g +20% Extra Free","Give your beloved dog the best with TailBlaze Grandma's Signature Cheese Strong Muscle & Smart Brain Organic Dog Treats. These premium treats are meticulously crafted to provide a delicious and nutritious snack that supports your dog's overall health and well-being. Perfect for adult dogs and puppies of all breeds, these treats are a must-have for every pet parent.","Tailblazing Vigour:Cheese enriches these treats with calcium, protein, and fat for energy.  

Tailblazing Flavour: Brown chicken and Amul cheese delight taste buds. 
 
Tailblazing Metabolism: High protein supports a healthy metabolism.  

Grain-Free & Rawhide-Free: Easy digestion for sensitive stomachs.  

Organic Ingredients: 100% organic for top nutrition.  

Ideal for All Breeds & Ages: Suitable for all dogs.  

Extra Value: 20% extra free.
"
8,B0D5MPX2PX,Chipots Small Pack Combo,"Chipots Dental Health Organic Dog Treats, Grain Free, Rawhide Free, Ideal Treats for Adult Dogs and Puppies, All Breeds, Chicken & Sweet Potato Pack of 5","Give your furry friend the ultimate dental care with TailBlaze Chipots Dental Health Organic Dog Treats. These grain-free and rawhide-free treats are specially designed to promote dental health while satisfying your dog's natural chewing instincts. Made with high-quality chicken and sweet potato, these treats are perfect for all breeds, puppies, and adult dogs.","""Promotes Dental Health: Cleans teeth, reduces plaque

Fulfills Chewing Drive: Satisfies natural chewing instincts

Crunchy & Crispy Texture: Irresistible texture dogs love

Natural Dietary Fibre: Sweet potato aids digestion

High Protein, Low Carbs: Quality chicken for muscle and weight management

Suitable for All Breeds: Great for puppies and adults

Organic Ingredients: Natural, high-quality

Customer Approved: Highly rated for taste and health benefits
"""
,,,,,
,,GROOM VROOM,,,
9,,3 in 1 Shampoo 300 ml,"TailBlaze Groom Vroom Pawpaw's Touch 3 in 1 Anti Tick Flea Dog Shampoo with Free Dog Towel | SLS, Paraben, Mineral Oil and Silicones Free | Ayurveda + Patents 300 ml He/She Long/Short  ","Transform your dog’s bath time into a luxurious spa experience with TailBlaze Groom Vroom Pawpaw’s Touch 3 in 1 Anti Tick Flea Dog Shampoo. This premium shampoo offers a trifecta of benefits: anti-tick and flea protection, deep nourishment, and vibrant color preservation. Infused with the wisdom of Ayurveda and backed by modern science patents, this shampoo is the perfect blend of tradition and innovation.","3 in 1 Formula: Anti-tick and flea protection, nourishment, and color preservation.

Ayurveda + Patents: Combines ancient Ayurvedic wisdom with modern science.

Chemical-Free: No SLS, parabens, mineral oils, or silicones.

Free TailBlaze Towel: Complimentary towel for a complete grooming experience.

Gentle and Safe: Suitable for all dog breeds and skin types.

Customer Approval: Highly rated by pet parents for its effectiveness and safety.                                                                                     "
10,,3 in 1 Shampoo 500 ml,"TailBlaze Groom Vroom Pawpaw's Touch 3 in 1 Anti Tick Flea Dog Shampoo with Free Dog Towel | SLS, Paraben, Mineral Oil and Silicones Free | Ayurveda + Patents 500 ml He/She Long/Short","Transform your dog’s bath time into a luxurious spa experience with TailBlaze Groom Vroom Pawpaw’s Touch 3 in 1 Anti Tick Flea Dog Shampoo. This premium shampoo offers a trifecta of benefits: anti-tick and flea protection, deep nourishment, and vibrant color preservation. Infused with the wisdom of Ayurveda and backed by modern science patents, this shampoo is the perfect blend of tradition and innovation.","3 in 1 Formula: Anti-tick and flea protection, nourishment, and color preservation.

Ayurveda + Patents: Combines ancient Ayurvedic wisdom with modern science.

Chemical-Free: No SLS, parabens, mineral oils, or silicones.

Free TailBlaze Towel: Complimentary towel for a complete grooming experience.

Gentle and Safe: Suitable for all dog breeds and skin types.

Customer Approval: Highly rated by pet parents for its effectiveness and safety.                                                                                     "
11,,Lotion,"TailBlaze Groom Vroom Visibly Clean WATERLESS No Rinse Dry Bath Dog Shampoo Lotion with Free Dog Towel | SLS, Paraben, Mineral Oil and Silicones Free | Ayurveda + Patents 150 ml He/She Long/Short","Experience the convenience of a waterless bath with TailBlaze Groom Vroom Visibly Clean Waterless No Rinse Dry Bath Dog Shampoo Lotion. This innovative shampoo lotion ensures your pup stays clean and fresh without the hassle of traditional bathing. Infused with Ayurvedic ingredients and backed by modern science patents, it offers a gentle yet effective cleanse.","Waterless Formula: No rinse needed, making bath time quick and easy.

Ayurveda + Patents: Combines ancient Ayurvedic wisdom with modern science.

Chemical-Free: No SLS, parabens, mineral oils, or silicones.

Free TailBlaze Towel: Complimentary towel for a complete grooming experience.

Gentle and Safe: Suitable for all dog breeds and skin types.

Customer Approval: Highly rated by pet parents for its convenience and effectiveness."
12,,Foam,"TailBlaze Groom Vroom Visibly Clean WATERLESS No Rinse Dry Bath Dog Shampoo Foam with Free Dog Comb | SLS, Paraben, Mineral Oil and Silicones Free | Ayurveda + Patents 150 ml He/She Long/Short","Make bath time a breeze with TailBlaze Groom Vroom Visibly Clean Waterless Dry Bath Dog Shampoo Foam! This innovative product combines the best of Ayurveda and modern science to provide a gentle yet effective clean without the need for water or rinsing.Suitable for all breeds and ages, this waterless shampoo is easy to use—simply apply the foam, massage into the coat, and towel dry. Enjoy hassle-free grooming and a fresh, clean pet with TailBlaze Groom Vroom!","Waterless Convenience: No need for water or rinsing, perfect for quick clean-ups and in-between baths.

Ayurveda + Modern Science: Combines the best ingredients from Ayurveda and modern science for a gentle yet effective clean.

Free from Harsh Chemicals: No SLS, parabens, mineral oils, or silicones, ensuring safety for your pet’s skin and coat.

Free Dog Comb: Includes a complimentary TailBlaze comb to keep your pet’s coat tangle-free and smooth 
                                                                                                                                               Customer Approval: Highly rated by pet parents for its convenience and effectiveness.."
,,,,,
13,,Conditionerr,"TailBlaze Groom Vroom Soft Hugs Dog Coat Conditioner with Free Shampoo Pouch | SLS, Paraben, Mineral Oil and Silicones Free | Ayurveda + Patents 250 ml He/She","Pamper your beloved pup with the luxurious TailBlaze Groom Vroom Soft Hugs Dog Coat Conditioner. This premium conditioner is meticulously formulated with a blend of Ayurveda and modern science patents, ensuring your furry friend receives the best care possible. Free from harsh chemicals like SLS, Parabens, Mineral Oils, and Silicones, Soft Hugs is designed to leave your dog’s fur silky smooth, shiny, and irresistibly soft.","Ayurveda + Modern Science Patents: Optimal fur health with ancient wisdom and cutting-edge technology.

Chemical-Free Formula: No SLS, Parabens, Mineral Oils, or Silicones for a gentle grooming experience.

Silky Smooth Fur: Leaves your dog’s coat shiny, soft, and healthy.

Free Shampoo Pouch: Adds extra value and luxury to your grooming routine.

Natural Ingredients: Prioritizes your pet’s health with effective, natural components. 
                                                                                                                                            Positive Reviews: Highly rated by pet parents for its effectiveness and gentle formula.        "
,,,,,
14,,Shower gel,"TailBlaze Groom Vroom Bow Code Dog Shampoo Gel for Toy Breeds with Free 2ft Bath Tub | SLS, Paraben, Mineral Oil and Silicones Free | Ayurveda + Patents 800 ml He/She","Keep your pup looking and feeling fresh with TailBlaze Groom Vroom Bow Code Dog Shampoo Gel. This premium shower/shampoo gel is specially formulated for toy breeds, combining the wisdom of Ayurveda with modern science patents. Free from harsh chemicals like SLS, Parabens, Mineral Oils, and Silicones, Bow Code ensures a gentle and effective clean for your furry friend.","Ayurveda + Modern Science Patents: Optimal fur health with ancient wisdom and cutting-edge technology.

Chemical-Free Formula: No SLS, Parabens, Mineral Oils, or Silicones for a gentle grooming experience.

Silky Smooth Fur: Leaves your dog’s coat shiny, soft, and healthy.

Free 2ft Bath Tub: Adds extra value and luxury to your grooming routine.


Natural Ingredients: Prioritizes your pet’s health with effective, natural components.

Positive Reviews: Highly rated by pet parents for its effectiveness and gentle formula."
,,,,,
,,PAWESSENTIALS,,,
,,Pawbutter,"TailBlaze Pawssentials The Flash Dry Paw, Elbow & Nose Butter Essential for Dogs | 24 hrs Hydration, Heals & Protects, Lick-Safe | Blooming Lavender & Sea Minerals 25g He/She","Pamper your furry friend with TailBlaze Pawssentials The Flash Dry Paw, Elbow & Nose Butter Essential for Dogs. This innovative butter is specially formulated to provide 24-hour hydration, healing, and protection for your dog’s dry and cracked paws, elbows, and nose. Infused with the soothing scents of Blooming Lavender & Sea Minerals, it offers a luxurious grooming experience that your pet will love.","Ayurveda + Modern Science Patents: Optimal fur health with ancient wisdom and cutting-edge technology.

Chemical-Free Formula: No SLS, Parabens, Mineral Oils, or Silicones for a gentle grooming experience.

Silky Smooth Fur: Leaves your dog’s coat shiny, soft, and healthy.

Free 2ft Bath Tub: Adds extra value and luxury to your grooming routine.

Natural Ingredients: Prioritizes your pet’s health with effective, natural components.

Positive Reviews: Highly rated by pet parents for its effectiveness and gentle formula."
15,,Sanitizer,"TailBlaze Pawssentials The Instant Skin & Coat Sanitizer Spray Essential for Dogs| Kills 99.9% Germs, Prevents Bacterial Infection, 0% Alcohol Skin-Friendly | Pine & Medicated Red 100 ml He/She","Introducing the TailBlaze Pawssentials Instant Skin & Coat Sanitizer Spray, the ultimate solution for maintaining your dog’s hygiene and health. This essential spray is meticulously formulated to eliminate 99.9% of germs and bacteria, ensuring your furry friend stays protected from bacterial infections.","Kills 99.9% of Germs: Ensures a safe and hygienic environment for your pet.

Prevents Bacterial Infections: Keeps your dog’s skin and coat healthy.

0% Alcohol: Gentle and skin-friendly, perfect for regular use.

Enriched with Proven Actives: Enhances the health and appearance of your dog’s fur.

Fresh Pine & Medicated Red Scent: Leaves your pup smelling fresh and clean
.                                                                                                                        Positive Reviews: Highly rated by pet parents for its effectiveness and gentle formula.    "
16,,Paw & Butt Cleanser,"TailBlaze Pawssentials The Advanced Paw & Butt Cleansing Spray Essential for Dogs | Cleanses & Freshens Butt & Paw, After Walk Hygiene, Prevents 15+ Infections | Pomegranate & Bubble Gum 100 ml He/She","Introducing the TailBlaze Pawssentials Advanced Paw & Butt Cleansing Spray, the ultimate hygiene solution for your furry friend. This essential spray is designed to cleanse and freshen your dog’s paws and butt, ensuring they stay clean and odor-free after every walk.","Cleanses & Freshens: Keeps your dog’s paws and butt clean and fresh.

After Walk Hygiene: Perfect for maintaining hygiene after outdoor activities.

Prevents 15+ Infections: Protects your pet from various infections.

Pomegranate & Bubble Gum Scent: Leaves a pleasant and refreshing fragrance. 
                                                                                                                         Positive Reviews: Highly rated by pet parents for its effectiveness and gentle formula.     "
17,,Perfume,"TailBlaze Pawssentials The Dude Perfume & Deodourizing Spray Essential for Male Dogs| 72 hrs Fragrance, Freshens Coats, 0% Alcohol | White Musk & Wood 100 ml","Introducing the TailBlaze Pawssentials The Dude Perfume & Deodorizing Spray, the ultimate grooming essential for your male dog. This 100 ml spray is designed to keep your pet’s coat smelling fresh, shiny, and soft between baths.","Essential for Male Dogs: Keeps your pet smelling fresh and clean.

72 hrs Fragrance: Long-lasting scent for continuous freshness.

Freshens Coats: Leaves your dog’s coat shiny and soft.

0% Alcohol: Gentle on your pet’s skin.

White Musk & Wood Scent: Pleasant and sophisticated aroma.
                                                                                                                               Positive Reviews: Highly rated by pet parents for its effectiveness and gentle formula. "
18,,Perfume,"TailBlaze Pawssentials The Darling Perfume & Deodourizing Spray Essential for Female Dogs| 72 hrs Fragrance, Freshens Coats, 0% Alcohol | Sakura Blossom & Wood 100 ml","Introducing the TailBlaze Pawssentials The Darling Perfume & Deodorizing Spray, the ultimate grooming essential for your female dog. This 100 ml spray is designed to keep your pet’s coat smelling fresh, shiny, and soft between baths.","Essential for Female Dogs: Keeps your pet smelling fresh and clean.

72 hrs Fragrance: Long-lasting scent for continuous freshness.

Freshens Coats: Leaves your dog’s coat shiny and soft.

0% Alcohol: Gentle on your pet’s skin.

Sakura Blossom & Wood Scent: Pleasant and sophisticated aroma. 
                                                                                                                             Positive Reviews: Highly rated by pet parents for its effectiveness and gentle formula. "
,,Anti-Anxiety & Calming Lotion ,"TailBlaze Pawssentials The Intense Anti-Anxiety & Calming Lotion Essential for Dogs, Acts Within 8 Minutes, Long-Lasting Cooling Effect, Non-Sticky, Japanese Mint & Morrocan Spearmint 100ml (He/She)","Unleash the power of relaxation with TailBlaze Pawssentials The Intense Anti-Anxiety & Calming Lotion, the ultimate solution for your dog’s stress and anxiety. This 100 ml lotion is designed to provide a zen-like experience, ensuring your beloved pet stays cool and stress-free.","Essential for Dogs: Reduces stress and anxiety

Fast-Acting: Effects within 8 minutes

Long-Lasting Cooling Effect: Keeps pets cool and calm

Non-Sticky Formula: Easy to apply and absorb  
           
Natural Ingredients: Japanese Mint & Moroccan Spearmint      
                                                                                                                          Positive Reviews: Highly rated by pet parents for its effectiveness and gentle formula.    "
,,Anti-Tick & Flea Spray,"TailBlaze Pawssentials The Original Anti-Tick & Flea Spray Essential for Dogs, Repels 15 Types of Ticks & Fleas, 72 Hours Long-Lasting Effect, 0% Pesticides, Burmese Neem","Say goodbye to pesky ticks and fleas with TailBlaze Pawssentials The Original Anti-Tick & Flea Spray! Specially crafted to fend off 15 types of tiny terrors, this essential spray is your dog-baby’s armor against unwanted hitchhikers, keeping them safe and comfortable.","Essential for Dogs: Repels 15 types of ticks and fleas

Long-Lasting Protection: 72 hours of continuous defense

Pesticide-Free: Safe and gentle on your pet’s skin

Natural Ingredients: Contains Burmese Neem for effective pest control

Convenient Spray Bottle: Easy to apply and use

Vet-Approved: Trusted and recommended by veterinarians"